,,X֔ԍ,Z,N,wN,h
Ⓦ,,049-2343,kCَs_R,9,3,l
v,D,039-2333,kCَsTc,15,3,l
,肦,032-2233,kCَsj[,14,2,l
u,,039-1122,kCَsa,10,4,l
ԓc,F,029-1224,XXs,15,3,l
,q,098-1123,kCَscƒ,9,4,l
,Y,002-3824,kCَsx,14,2,l
,,092-1235,茧s䒬,12,1,l
g,,039-2332,kCَs쒬,7,1,l
,,098-1122,kCَsΐ쒬,8,2,l
Fq,,030-1121,HcHcs,15,3,l
,,041-0804,kCَsԐ쒬,9,3,l
ڑ,,041-0801,sz\,7,1,l
c,Y,041-0803,kCَsTc쒬,9,4,l
,j,248-0011,kCَs,13,1,l
R,ؔT,059-0001,kCَscƒ,7,2,l
y,G,389-2303,kCDysz,11,5,l
X,_V,614-8147,kCَs,12,1,l
,],194-0204,kCَs쒬,12,1,l
R,,905-0222,ꌧߔes,12,6,l
{,,861-4703,kCَs,15,3,l
c,I,420-0925,kCَs쒬,8,2,l
S,M,860-0856,kCَsΐ쒬,8,2,l
Dc,,924-0012,kCَsj[,13,2,l
g,tj,791-0245,kCَsx,12,1,l
r,[,250-0861,kCَsJ,13,1,l
⟺,g,670-0012,kCَs싂,8,3,l
c,^,980-0855,Rb{s,15,3,l
^c,Y,041-0801,kCَsj[,6,1,l
R,뎡,041-0802,kCَsΐ쒬,6,1,l
֓,,041-0804,kCَsԐ쒬,6,1,l
